,movie,year,timeMin,imdb,metascore,votes,us_grossMillions
0,The Shawshank Redemption,1994,86,9.3,80.0,52480,28.34
1,The Godfather,1972,86,9.2,100.0,52480,134.97
2,The Dark Knight,2008,86,9.0,84.0,52480,534.86
3,The Godfather: Part II,1974,86,9.0,90.0,52480,57.3
4,12 Angry Men,1957,86,9.0,96.0,52480,4.36
5,The Lord of the Rings: The Return of the King,2003,86,8.9,94.0,52480,377.85
6,Pulp Fiction,1994,86,8.9,94.0,52480,107.93
7,Schindler's List,1993,86,8.9,94.0,52480,96.9
8,Inception,2010,86,8.8,74.0,52480,292.58
9,Fight Club,1999,86,8.8,66.0,52480,37.03
10,The Lord of the Rings: The Fellowship of the Ring,2001,86,8.8,92.0,52480,315.54
11,Forrest Gump,1994,86,8.8,82.0,52480,330.25
12,"The Good, the Bad and the Ugly",1966,86,8.8,90.0,52480,6.1
13,The Lord of the Rings: The Two Towers,2002,86,8.7,87.0,52480,342.55
14,The Matrix,1999,86,8.7,73.0,52480,171.48
15,Goodfellas,1990,86,8.7,90.0,52480,46.84
16,Star Wars: Episode V - The Empire Strikes Back,1980,86,8.7,82.0,52480,290.48
17,One Flew Over the Cuckoo's Nest,1975,86,8.7,83.0,52480,112.0
18,Parasite,2019,86,8.6,96.0,52480,53.37
19,Soorarai Pottru,2020,86,8.6,None Given,52480,Not calculated
20,Interstellar,2014,86,8.6,74.0,52480,188.02
21,City of God,2002,86,8.6,79.0,52480,7.56
22,Spirited Away,2001,86,8.6,96.0,52480,10.06
23,Saving Private Ryan,1998,86,8.6,91.0,52480,216.54
24,The Green Mile,1999,86,8.6,61.0,52480,136.8
25,Life Is Beautiful,1997,86,8.6,59.0,52480,57.6
26,Se7en,1995,86,8.6,65.0,52480,100.13
27,The Silence of the Lambs,1991,86,8.6,85.0,52480,130.74
28,Star Wars: Episode IV - A New Hope,1977,86,8.6,90.0,52480,322.74
29,Hara-Kiri,1962,86,8.6,85.0,52480,Not calculated
30,Seven Samurai,1954,86,8.6,98.0,52480,0.27
31,It's a Wonderful Life,1946,86,8.6,89.0,52480,Not calculated
32,Hamilton,2020,86,8.5,90.0,52480,Not calculated
33,Raatchasan,2018,86,8.5,None Given,52480,Not calculated
34,Whiplash,2014,86,8.5,88.0,52480,13.09
35,The Intouchables,2011,86,8.5,57.0,52480,13.18
36,The Prestige,2006,86,8.5,66.0,52480,53.09
37,The Departed,2006,86,8.5,85.0,52480,132.38
38,The Pianist,2002,86,8.5,85.0,52480,32.57
39,Gladiator,2000,86,8.5,67.0,52480,187.71
40,American History X,1998,86,8.5,62.0,52480,6.72
41,The Usual Suspects,1995,86,8.5,77.0,52480,23.34
42,Léon: The Professional,1994,86,8.5,64.0,52480,19.5
43,The Lion King,1994,86,8.5,88.0,52480,422.78
44,Terminator 2: Judgment Day,1991,86,8.5,75.0,52480,204.84
45,Cinema Paradiso,1988,86,8.5,80.0,52480,11.99
46,Grave of the Fireflies,1988,86,8.5,94.0,52480,Not calculated
47,Back to the Future,1985,86,8.5,87.0,52480,210.61
48,Once Upon a Time in the West,1968,86,8.5,80.0,52480,5.32
49,Psycho,1960,86,8.5,97.0,52480,32.0
50,Casablanca,1942,86,8.5,100.0,52480,1.02
51,Modern Times,1936,86,8.5,96.0,52480,0.16
52,City Lights,1931,86,8.5,99.0,52480,0.02
53,Capernaum,2018,86,8.4,75.0,52480,1.66
54,Joker,2019,86,8.4,59.0,52480,335.45
55,Ayla: The Daughter of War,2017,86,8.4,None Given,52480,Not calculated
56,Vikram Vedha,2017,86,8.4,None Given,52480,Not calculated
57,Your Name.,2016,86,8.4,79.0,52480,5.02
58,Dangal,2016,86,8.4,None Given,52480,12.39
59,Spider-Man: Into the Spider-Verse,2018,86,8.4,87.0,52480,190.24
60,Avengers: Endgame,2019,86,8.4,78.0,52480,858.37
61,Avengers: Infinity War,2018,86,8.4,68.0,52480,678.82
62,Drishyam,2013,86,8.4,None Given,52480,Not calculated
63,Coco,2017,86,8.4,81.0,52480,209.73
64,Django Unchained,2012,86,8.4,81.0,52480,162.81
65,The Dark Knight Rises,2012,86,8.4,78.0,52480,448.14
66,3 Idiots,2009,86,8.4,67.0,52480,6.53
67,Like Stars on Earth,2007,86,8.4,None Given,52480,1.22
68,WALL·E,2008,86,8.4,95.0,52480,223.81
69,The Lives of Others,2006,86,8.4,89.0,52480,11.29
70,Oldboy,2003,86,8.4,77.0,52480,0.71
71,Memento,2000,86,8.4,80.0,52480,25.54
72,Princess Mononoke,1997,86,8.4,76.0,52480,2.38
73,Once Upon a Time in America,1984,86,8.4,None Given,52480,5.32
74,Indiana Jones and the Raiders of the Lost Ark,1981,86,8.4,85.0,52480,248.16
75,The Shining,1980,86,8.4,66.0,52480,44.02
76,Apocalypse Now,1979,86,8.4,94.0,52480,83.47
77,Alien,1979,86,8.4,89.0,52480,78.9
78,High and Low,1963,86,8.4,None Given,52480,Not calculated
79,Dr. Strangelove or: How I Learned to Stop Worrying and Love the Bomb,1964,86,8.4,97.0,52480,0.28
80,Witness for the Prosecution,1957,86,8.4,None Given,52480,8.18
81,Paths of Glory,1957,86,8.4,90.0,52480,Not calculated
82,Rear Window,1954,86,8.4,100.0,52480,36.76
83,Sunset Blvd.,1950,86,8.4,None Given,52480,Not calculated
84,The Great Dictator,1940,86,8.4,None Given,52480,0.29
85,1917,2019,86,8.3,78.0,52480,159.23
86,Tumbbad,2018,86,8.3,None Given,52480,Not calculated
87,Andhadhun,2018,86,8.3,None Given,52480,1.37
88,The Hunt,2012,86,8.3,77.0,52480,0.69
89,A Separation,2011,86,8.3,95.0,52480,7.1
90,Incendies,2010,86,8.3,80.0,52480,6.86
91,Zack Snyder's Justice League,2021,86,8.3,54.0,52480,Not calculated
92,Dara of Jasenovac,2020,86,8.3,None Given,52480,Not calculated
93,My Father and My Son,2005,86,8.3,None Given,52480,Not calculated
94,Inglourious Basterds,2009,86,8.3,69.0,52480,120.54
95,Eternal Sunshine of the Spotless Mind,2004,86,8.3,89.0,52480,34.4
96,Amélie,2001,86,8.3,69.0,52480,33.23
97,Snatch,2000,86,8.3,55.0,52480,30.33
98,Requiem for a Dream,2000,86,8.3,68.0,52480,3.64
99,American Beauty,1999,86,8.3,84.0,52480,130.1
100,Good Will Hunting,1997,86,8.3,70.0,52480,138.43
101,Children of Heaven,1997,86,8.3,77.0,52480,0.93
102,Toy Story,1995,86,8.3,95.0,52480,191.8
103,Braveheart,1995,86,8.3,68.0,52480,75.6
104,Reservoir Dogs,1992,86,8.3,79.0,52480,2.83
105,Full Metal Jacket,1987,86,8.3,76.0,52480,46.36
106,Come and See,1985,86,8.3,None Given,52480,Not calculated
107,Aliens,1986,86,8.3,84.0,52480,85.16
108,Amadeus,1984,86,8.3,88.0,52480,51.97
109,Scarface,1983,86,8.3,65.0,52480,45.6
110,Star Wars: Episode VI - Return of the Jedi,1983,86,8.3,58.0,52480,309.13
111,Das Boot,1981,86,8.3,86.0,52480,11.49
112,The Sting,1973,86,8.3,83.0,52480,159.6
113,A Clockwork Orange,1971,86,8.3,77.0,52480,6.21
114,Anand,1971,86,8.3,None Given,52480,Not calculated
115,2001: A Space Odyssey,1968,86,8.3,84.0,52480,56.95
116,Lawrence of Arabia,1962,86,8.3,100.0,52480,44.82
117,The Apartment,1960,86,8.3,94.0,52480,18.6
118,North by Northwest,1959,86,8.3,98.0,52480,13.28
119,Vertigo,1958,86,8.3,100.0,52480,3.2
120,Singin' in the Rain,1952,86,8.3,99.0,52480,8.82
121,Ikiru,1952,86,8.3,None Given,52480,0.06
122,Bicycle Thieves,1948,86,8.3,None Given,52480,0.33
123,Double Indemnity,1944,86,8.3,95.0,52480,5.72
124,Citizen Kane,1941,86,8.3,100.0,52480,1.59
125,M,1931,86,8.3,None Given,52480,0.03
126,Metropolis,1927,86,8.3,98.0,52480,1.24
127,The Kid,1921,86,8.3,None Given,52480,5.45
128,Chhichhore,2019,86,8.2,None Given,52480,0.9
129,Uri: The Surgical Strike,2018,86,8.2,None Given,52480,4.19
130,K.G.F: Chapter 1,2018,86,8.2,None Given,52480,Not calculated
131,Green Book,2018,86,8.2,69.0,52480,85.08
132,Talvar,2015,86,8.2,None Given,52480,0.34
133,Baahubali 2: The Conclusion,2017,86,8.2,None Given,52480,20.19
134,Klaus,2019,86,8.2,65.0,52480,Not calculated
135,Drishyam,2015,86,8.2,None Given,52480,0.74
136,Queen,2013,86,8.2,None Given,52480,1.43
137,Tangerines,2013,86,8.2,73.0,52480,0.14
138,Bhaag Milkha Bhaag,2013,86,8.2,None Given,52480,1.63
139,Gangs of Wasseypur,2012,86,8.2,89.0,52480,Not calculated
140,Udaan,2010,86,8.2,None Given,52480,0.01
141,Paan Singh Tomar,2012,86,8.2,None Given,52480,0.04
142,Zindagi Na Milegi Dobara,2011,86,8.2,None Given,52480,3.11
143,The Secret in Their Eyes,2009,86,8.2,80.0,52480,6.39
144,Warrior,2011,86,8.2,71.0,52480,13.66
145,Shutter Island,2010,86,8.2,63.0,52480,128.01
146,Up,2009,86,8.2,88.0,52480,293.0
147,7 Kogustaki Mucize,2019,86,8.2,None Given,52480,Not calculated
148,The Wolf of Wall Street,2013,86,8.2,75.0,52480,116.9
149,Chak De! India,2007,86,8.2,68.0,52480,1.11
150,There Will Be Blood,2007,86,8.2,93.0,52480,40.22
151,Pan's Labyrinth,2006,86,8.2,98.0,52480,37.63
152,Toy Story 3,2010,86,8.2,92.0,52480,415.0
153,V for Vendetta,2005,86,8.2,62.0,52480,70.51
154,Rang De Basanti,2006,86,8.2,None Given,52480,2.2
155,Black,2005,86,8.2,None Given,52480,0.73
156,Batman Begins,2005,86,8.2,70.0,52480,206.85
157,Swades,2004,86,8.2,None Given,52480,1.22
158,Downfall,2004,86,8.2,82.0,52480,5.51
159,Howl's Moving Castle,2004,86,8.2,80.0,52480,4.71
160,A Beautiful Mind,2001,86,8.2,72.0,52480,170.74
161,Hera Pheri,2000,86,8.2,None Given,52480,Not calculated
162,"Lock, Stock and Two Smoking Barrels",1998,86,8.2,66.0,52480,3.9
163,L.A. Confidential,1997,86,8.2,90.0,52480,64.62
164,The Bandit,1996,86,8.2,None Given,52480,Not calculated
165,Heat,1995,86,8.2,76.0,52480,67.44
166,Casino,1995,86,8.2,73.0,52480,42.44
167,Andaz Apna Apna,1994,86,8.2,None Given,52480,Not calculated
168,Unforgiven,1992,86,8.2,85.0,52480,101.16
169,Indiana Jones and the Last Crusade,1989,86,8.2,65.0,52480,197.17
170,Time of the Gypsies,1988,86,8.2,None Given,52480,0.28
171,My Neighbor Totoro,1988,86,8.2,86.0,52480,1.11
172,Die Hard,1988,86,8.2,72.0,52480,83.01
173,Ran,1985,86,8.2,96.0,52480,4.14
174,Raging Bull,1980,86,8.2,89.0,52480,23.38
175,Stalker,1979,86,8.2,None Given,52480,0.23
176,Autumn Sonata,1978,86,8.2,None Given,52480,Not calculated
177,Taxi Driver,1976,86,8.2,94.0,52480,28.26
178,The Message,1976,86,8.2,None Given,52480,Not calculated
179,Sholay,1975,86,8.2,None Given,52480,Not calculated
180,Monty Python and the Holy Grail,1975,86,8.2,91.0,52480,1.23
181,For a Few Dollars More,1965,86,8.2,74.0,52480,15.0
182,The Great Escape,1963,86,8.2,86.0,52480,12.1
183,To Kill a Mockingbird,1962,86,8.2,88.0,52480,Not calculated
184,Yojimbo,1961,86,8.2,None Given,52480,Not calculated
185,Judgment at Nuremberg,1961,86,8.2,60.0,52480,Not calculated
186,Some Like It Hot,1959,86,8.2,98.0,52480,25.0
187,Wild Strawberries,1957,86,8.2,88.0,52480,Not calculated
188,The Seventh Seal,1957,86,8.2,88.0,52480,Not calculated
189,Dial M for Murder,1954,86,8.2,75.0,52480,0.01
190,Tokyo Story,1953,86,8.2,None Given,52480,Not calculated
191,Rashomon,1950,86,8.2,98.0,52480,0.1
192,All About Eve,1950,86,8.2,98.0,52480,0.01
193,The Treasure of the Sierra Madre,1948,86,8.2,98.0,52480,5.01
194,To Be or Not to Be,1942,86,8.2,86.0,52480,Not calculated
195,The Gold Rush,1925,86,8.2,None Given,52480,5.45
196,Sherlock Jr.,1924,86,8.2,None Given,52480,0.98
197,Portrait of a Lady on Fire,2019,86,8.1,95.0,52480,3.76
198,Pink,2016,86,8.1,None Given,52480,1.24
199,A Silent Voice: The Movie,2016,86,8.1,78.0,52480,Not calculated
200,"Three Billboards Outside Ebbing, Missouri",2017,86,8.1,88.0,52480,54.51
201,The Invisible Guest,2016,86,8.1,None Given,52480,Not calculated
202,The Handmaiden,2016,86,8.1,84.0,52480,2.01
203,Mommy,2014,86,8.1,74.0,52480,3.49
204,Haider,2014,86,8.1,None Given,52480,0.9
205,Logan,2017,86,8.1,77.0,52480,226.28
206,Room,2015,86,8.1,86.0,52480,14.68
207,Wild Tales,2014,86,8.1,77.0,52480,3.11
208,Soul,2020,86,8.1,83.0,52480,Not calculated
209,Winter Sleep,2014,86,8.1,88.0,52480,0.17
210,PK,2014,86,8.1,None Given,52480,10.62
211,OMG: Oh My God!,2012,86,8.1,None Given,52480,0.92
212,The Grand Budapest Hotel,2014,86,8.1,88.0,52480,59.1
213,Gone Girl,2014,86,8.1,79.0,52480,167.77
214,Wolf Children,2012,86,8.1,71.0,52480,Not calculated
215,Hacksaw Ridge,2016,86,8.1,71.0,52480,67.21
216,Inside Out,2015,86,8.1,94.0,52480,356.46
217,Barfi!,2012,86,8.1,None Given,52480,2.8
218,12 Years a Slave,2013,86,8.1,96.0,52480,56.67
219,Rush,2013,86,8.1,74.0,52480,26.95
220,Ford v Ferrari,2019,86,8.1,81.0,52480,117.62
221,Spotlight,2015,86,8.1,93.0,52480,45.06
222,Song of the Sea,2014,86,8.1,85.0,52480,0.86
223,Kahaani,2012,86,8.1,None Given,52480,1.04
224,Prisoners,2013,86,8.1,70.0,52480,61.0
225,Mad Max: Fury Road,2015,86,8.1,90.0,52480,154.06
226,A Wednesday,2008,86,8.1,None Given,52480,Not calculated
227,Gran Torino,2008,86,8.1,72.0,52480,148.1
228,Harry Potter and the Deathly Hallows: Part 2,2011,86,8.1,85.0,52480,381.01
229,Departures,2008,86,8.1,68.0,52480,1.5
230,Hachi: A Dog's Tale,2009,86,8.1,None Given,52480,Not calculated
231,Mary and Max,2009,86,8.1,None Given,52480,Not calculated
232,How to Train Your Dragon,2010,86,8.1,75.0,52480,217.58
233,Into the Wild,2007,86,8.1,73.0,52480,18.35
234,No Country for Old Men,2007,86,8.1,91.0,52480,74.28
235,Lage Raho Munna Bhai,2006,86,8.1,None Given,52480,2.22
236,Nobody Knows,2004,86,8.1,88.0,52480,0.68
237,Million Dollar Baby,2004,86,8.1,86.0,52480,100.49
238,Hotel Rwanda,2004,86,8.1,79.0,52480,23.53
239,Tae Guk Gi: The Brotherhood of War,2004,86,8.1,64.0,52480,1.11
240,Before Sunset,2004,86,8.1,90.0,52480,5.82
241,Munna Bhai M.B.B.S.,2003,86,8.1,None Given,52480,Not calculated
242,Memories of Murder,2003,86,8.1,82.0,52480,0.01
243,Dil Chahta Hai,2001,86,8.1,None Given,52480,0.3
244,Kill Bill: Vol. 1,2003,86,8.1,69.0,52480,70.1
245,Finding Nemo,2003,86,8.1,90.0,52480,380.84
246,Catch Me If You Can,2002,86,8.1,75.0,52480,164.62
247,Amores Perros,2000,86,8.1,83.0,52480,5.38
248,"Monsters, Inc.",2001,86,8.1,79.0,52480,289.92
249,Neon Genesis Evangelion: The End of Evangelion,1997,86,8.1,None Given,52480,Not calculated
250,Lagaan: Once Upon a Time in India,2001,86,8.1,84.0,52480,0.07
251,The Sixth Sense,1999,86,8.1,64.0,52480,293.51
252,The Legend of 1900,1998,86,8.1,58.0,52480,0.26
253,The Truman Show,1998,86,8.1,90.0,52480,125.62
254,"Black Cat, White Cat",1998,86,8.1,73.0,52480,0.35
255,The Big Lebowski,1998,86,8.1,71.0,52480,17.5
256,In the Mood for Love,2000,86,8.1,85.0,52480,2.73
257,Trainspotting,1996,86,8.1,83.0,52480,16.5
258,Fargo,1996,86,8.1,85.0,52480,24.61
259,Underground,1995,86,8.1,None Given,52480,0.17
260,La Haine,1995,86,8.1,None Given,52480,0.31
261,Dilwale Dulhania Le Jayenge,1995,86,8.1,None Given,52480,Not calculated
262,Before Sunrise,1995,86,8.1,77.0,52480,5.54
263,Three Colors: Red,1994,86,8.1,100.0,52480,4.04
264,Chungking Express,1994,86,8.1,77.0,52480,0.6
265,Jurassic Park,1993,86,8.1,68.0,52480,402.45
266,In the Name of the Father,1993,86,8.1,84.0,52480,25.01
267,Farewell My Concubine,1993,86,8.1,None Given,52480,5.22
268,Raise the Red Lantern,1991,86,8.1,None Given,52480,2.6
269,Dead Poets Society,1989,86,8.1,79.0,52480,95.86
270,Stand by Me,1986,86,8.1,75.0,52480,52.29
271,Platoon,1986,86,8.1,92.0,52480,138.53
272,"Paris, Texas",1984,86,8.1,78.0,52480,2.18
273,Nausicaä of the Valley of the Wind,1984,86,8.1,86.0,52480,0.5
274,The Thing,1982,86,8.1,57.0,52480,13.78
275,Pink Floyd: The Wall,1982,86,8.1,47.0,52480,22.24
276,Fitzcarraldo,1982,86,8.1,None Given,52480,Not calculated
277,Fanny and Alexander,1982,86,8.1,100.0,52480,4.97
278,Blade Runner,1982,86,8.1,84.0,52480,32.87
279,The Elephant Man,1980,86,8.1,78.0,52480,Not calculated
280,Monty Python's Life of Brian,1979,86,8.1,77.0,52480,20.05
281,The Deer Hunter,1978,86,8.1,86.0,52480,48.98
282,Rocky,1976,86,8.1,70.0,52480,117.24
283,Network,1976,86,8.1,83.0,52480,Not calculated
284,Barry Lyndon,1975,86,8.1,89.0,52480,Not calculated
285,The Mirror,1975,86,8.1,80.0,52480,0.18
286,Chinatown,1974,86,8.1,92.0,52480,8.49
287,Paper Moon,1973,86,8.1,77.0,52480,30.93
288,Cries & Whispers,1972,86,8.1,None Given,52480,1.74
289,Solaris,1972,86,8.1,90.0,52480,Not calculated
290,Le Samouraï,1967,86,8.1,None Given,52480,0.04
291,Cool Hand Luke,1967,86,8.1,92.0,52480,16.22
292,Persona,1966,86,8.1,86.0,52480,Not calculated
293,Andrei Rublev,1966,86,8.1,None Given,52480,0.1
294,The Battle of Algiers,1966,86,8.1,96.0,52480,0.06
295,The Exterminating Angel,1962,86,8.1,None Given,52480,Not calculated
296,What Ever Happened to Baby Jane?,1962,86,8.1,75.0,52480,4.05
297,Sanjuro,1962,86,8.1,None Given,52480,Not calculated
298,The Man Who Shot Liberty Valance,1962,86,8.1,94.0,52480,Not calculated
299,Ivan's Childhood,1962,86,8.1,None Given,52480,Not calculated
300,The Virgin Spring,1960,86,8.1,None Given,52480,1.53
301,Inherit the Wind,1960,86,8.1,75.0,52480,Not calculated
302,The 400 Blows,1959,86,8.1,None Given,52480,Not calculated
303,Ben-Hur,1959,86,8.1,90.0,52480,74.7
304,The Hidden Fortress,1958,86,8.1,None Given,52480,Not calculated
305,Nights of Cabiria,1957,86,8.1,None Given,52480,0.75
306,Throne of Blood,1957,86,8.1,None Given,52480,Not calculated
307,The Bridge on the River Kwai,1957,86,8.1,87.0,52480,44.91
308,Rififi,1955,86,8.1,97.0,52480,0.06
309,On the Waterfront,1954,86,8.1,91.0,52480,9.6
310,The Wages of Fear,1953,86,8.1,85.0,52480,Not calculated
311,Ace in the Hole,1951,86,8.1,72.0,52480,3.97
312,White Heat,1949,86,8.1,None Given,52480,Not calculated
313,The Third Man,1949,86,8.1,97.0,52480,0.45
314,The Red Shoes,1948,86,8.1,None Given,52480,10.9
315,The Shop Around the Corner,1940,86,8.1,96.0,52480,0.2
316,Rebecca,1940,86,8.1,86.0,52480,4.36
317,Mr. Smith Goes to Washington,1939,86,8.1,73.0,52480,9.6
318,Gone with the Wind,1939,86,8.1,97.0,52480,198.68
319,La Grande Illusion,1937,86,8.1,None Given,52480,0.17
320,It Happened One Night,1934,86,8.1,87.0,52480,4.36
321,The Passion of Joan of Arc,1928,86,8.1,None Given,52480,0.02
322,The Circus,1928,86,8.1,90.0,52480,Not calculated
323,Sunrise,1927,86,8.1,None Given,52480,0.54
324,The General,1926,86,8.1,None Given,52480,1.03
325,The Cabinet of Dr. Caligari,1920,86,8.1,None Given,52480,Not calculated
326,Badhaai Ho,2018,86,8.0,None Given,52480,Not calculated
327,Togo,2019,86,8.0,69.0,52480,Not calculated
328,Airlift,2016,86,8.0,None Given,52480,Not calculated
329,Bajrangi Bhaijaan,2015,86,8.0,None Given,52480,8.18
330,Baby,2015,86,8.0,None Given,52480,Not calculated
331,La La Land,2016,86,8.0,94.0,52480,151.1
332,Lion,2016,86,8.0,69.0,52480,51.74
333,The Martian,2015,86,8.0,80.0,52480,228.43
334,Zootopia,2016,86,8.0,78.0,52480,341.27
335,Baahubali: The Beginning,2015,86,8.0,None Given,52480,6.74
336,The Tale of The Princess Kaguya,2013,86,8.0,89.0,52480,1.51
337,Wonder,2017,86,8.0,66.0,52480,132.42
338,Gully Boy,2019,86,8.0,65.0,52480,5.57
339,Special 26,2013,86,8.0,None Given,52480,1.08
340,Short Term 12,2013,86,8.0,82.0,52480,1.01
341,The Raid 2,2014,86,8.0,71.0,52480,2.63
342,The Imitation Game,2014,86,8.0,73.0,52480,91.13
343,Guardians of the Galaxy,2014,86,8.0,76.0,52480,333.18
344,Blade Runner 2049,2017,86,8.0,81.0,52480,92.05
345,Her,2013,86,8.0,90.0,52480,25.57
346,Bohemian Rhapsody,2018,86,8.0,49.0,52480,216.43
347,The Revenant,2015,86,8.0,76.0,52480,183.64
348,The Perks of Being a Wallflower,2012,86,8.0,67.0,52480,17.74
349,Elite Squad 2: The Enemy Within,2010,86,8.0,71.0,52480,0.1
350,The King's Speech,2010,86,8.0,88.0,52480,138.8
351,The Help,2011,86,8.0,62.0,52480,169.71
352,Deadpool,2016,86,8.0,65.0,52480,363.07
353,Darbareye Elly,2009,86,8.0,87.0,52480,0.11
354,Dev.D,2009,86,8.0,None Given,52480,0.01
355,Yip Man,2008,86,8.0,59.0,52480,Not calculated
356,My Name Is Khan,2010,86,8.0,50.0,52480,4.02
357,The Breath,2009,86,8.0,None Given,52480,Not calculated
358,Slumdog Millionaire,2008,86,8.0,84.0,52480,141.32
359,Black Swan,2010,86,8.0,79.0,52480,106.95
360,Elite Squad,2007,86,8.0,33.0,52480,0.01
361,The Avengers,2012,86,8.0,69.0,52480,623.28
362,Persepolis,2007,86,8.0,90.0,52480,4.45
363,Dallas Buyers Club,2013,86,8.0,80.0,52480,27.3
364,The Pursuit of Happyness,2006,86,8.0,64.0,52480,163.57
365,Blood Diamond,2006,86,8.0,64.0,52480,57.37
366,The Bourne Ultimatum,2007,86,8.0,85.0,52480,227.47
367,3-Iron,2004,86,8.0,72.0,52480,0.24
368,Sin City,2005,86,8.0,74.0,52480,74.1
369,The Diving Bell and the Butterfly,2007,86,8.0,92.0,52480,5.99
370,G.O.R.A.,2004,86,8.0,None Given,52480,Not calculated
371,Ratatouille,2007,86,8.0,96.0,52480,206.45
372,Casino Royale,2006,86,8.0,80.0,52480,167.45
373,Kill Bill: Vol. 2,2004,86,8.0,83.0,52480,66.21
374,The Return,2003,86,8.0,82.0,52480,0.5
375,"Spring, Summer, Fall, Winter... and Spring",2003,86,8.0,85.0,52480,2.38
376,The Sea Inside,2004,86,8.0,74.0,52480,2.09
377,Cinderella Man,2005,86,8.0,69.0,52480,61.65
378,Infernal Affairs,2002,86,8.0,75.0,52480,0.17
379,Pirates of the Caribbean: The Curse of the Black Pearl,2003,86,8.0,63.0,52480,305.41
380,Big Fish,2003,86,8.0,58.0,52480,66.26
381,The Incredibles,2004,86,8.0,90.0,52480,261.44
382,My Sassy Girl,2001,86,8.0,None Given,52480,Not calculated
383,Dogville,2003,86,8.0,60.0,52480,1.53
384,Vizontele,2001,86,8.0,None Given,52480,Not calculated
385,Donnie Darko,2001,86,8.0,88.0,52480,1.48
386,Magnolia,1999,86,8.0,77.0,52480,22.46
387,Dancer in the Dark,2000,86,8.0,61.0,52480,4.18
388,The Straight Story,1999,86,8.0,86.0,52480,6.2
389,Perfect Blue,1997,86,8.0,None Given,52480,0.78
390,The Celebration,1998,86,8.0,82.0,52480,1.65
391,Central Station,1998,86,8.0,80.0,52480,5.6
392,The Iron Giant,1999,86,8.0,85.0,52480,23.16
393,Knockin' on Heaven's Door,1997,86,8.0,None Given,52480,0.0
394,Sling Blade,1996,86,8.0,84.0,52480,24.48
395,Secrets & Lies,1996,86,8.0,91.0,52480,13.42
396,12 Monkeys,1995,86,8.0,74.0,52480,57.14
397,Ghost in the Shell,1995,86,8.0,76.0,52480,0.52
398,The Nightmare Before Christmas,1993,86,8.0,82.0,52480,75.08
399,Groundhog Day,1993,86,8.0,72.0,52480,70.91
400,"Blood In, Blood Out",1993,86,8.0,47.0,52480,4.5
401,Scent of a Woman,1992,86,8.0,59.0,52480,63.9
402,Aladdin,1992,86,8.0,86.0,52480,217.35
403,JFK,1991,86,8.0,72.0,52480,70.41
404,Beauty and the Beast,1991,86,8.0,95.0,52480,218.97
405,Dances with Wolves,1990,86,8.0,72.0,52480,184.21
406,Do the Right Thing,1989,86,8.0,93.0,52480,27.55
407,Rain Man,1988,86,8.0,65.0,52480,178.8
408,Akira,1988,86,8.0,None Given,52480,0.55
409,The Princess Bride,1987,86,8.0,77.0,52480,30.86
410,Wings of Desire,1987,86,8.0,79.0,52480,3.33
411,Au Revoir les Enfants,1987,86,8.0,88.0,52480,4.54
412,Castle in the Sky,1986,86,8.0,78.0,52480,Not calculated
413,The Terminator,1984,86,8.0,84.0,52480,38.4
414,Gandhi,1982,86,8.0,79.0,52480,52.77
415,Kagemusha,1980,86,8.0,84.0,52480,Not calculated
416,Being There,1979,86,8.0,83.0,52480,30.18
417,Annie Hall,1977,86,8.0,92.0,52480,39.2
418,Jaws,1975,86,8.0,87.0,52480,260.0
419,Dog Day Afternoon,1975,86,8.0,86.0,52480,50.0
420,Young Frankenstein,1974,86,8.0,80.0,52480,86.3
421,Papillon,1973,86,8.0,58.0,52480,53.27
422,The Exorcist,1973,86,8.0,81.0,52480,232.91
423,Sleuth,1972,86,8.0,None Given,52480,4.08
424,The Last Picture Show,1971,86,8.0,93.0,52480,29.13
425,Fiddler on the Roof,1971,86,8.0,67.0,52480,80.5
426,The Conformist,1970,86,8.0,100.0,52480,0.54
427,Butch Cassidy and the Sundance Kid,1969,86,8.0,66.0,52480,102.31
428,Rosemary's Baby,1968,86,8.0,96.0,52480,Not calculated
429,Planet of the Apes,1968,86,8.0,79.0,52480,33.4
430,The Graduate,1967,86,8.0,83.0,52480,104.95
431,Who's Afraid of Virginia Woolf?,1966,86,8.0,75.0,52480,Not calculated
432,The Sound of Music,1965,86,8.0,63.0,52480,163.21
433,Doctor Zhivago,1965,86,8.0,69.0,52480,111.72
434,A Fistful of Dollars,1964,86,8.0,65.0,52480,14.5
435,8½,1963,86,8.0,91.0,52480,0.05
436,Vivre Sa Vie,1962,86,8.0,None Given,52480,Not calculated
437,The Hustler,1961,86,8.0,90.0,52480,8.28
438,La Dolce Vita,1960,86,8.0,95.0,52480,19.52
439,Rio Bravo,1959,86,8.0,93.0,52480,12.54
440,Anatomy of a Murder,1959,86,8.0,95.0,52480,11.9
441,Touch of Evil,1958,86,8.0,99.0,52480,2.24
442,Cat on a Hot Tin Roof,1958,86,8.0,84.0,52480,17.57
443,Sweet Smell of Success,1957,86,8.0,100.0,52480,Not calculated
444,The Killing,1956,86,8.0,91.0,52480,Not calculated
445,The Night of the Hunter,1955,86,8.0,99.0,52480,0.65
446,La Strada,1954,86,8.0,None Given,52480,Not calculated
447,Diabolique,1955,86,8.0,None Given,52480,Not calculated
448,Stalag 17,1953,86,8.0,84.0,52480,Not calculated
449,Roman Holiday,1953,86,8.0,78.0,52480,Not calculated
450,A Streetcar Named Desire,1951,86,8.0,97.0,52480,8.0
451,In a Lonely Place,1950,86,8.0,None Given,52480,Not calculated
452,Kind Hearts and Coronets,1949,86,8.0,None Given,52480,Not calculated
453,Rope,1948,86,8.0,73.0,52480,Not calculated
454,Out of the Past,1947,86,8.0,None Given,52480,Not calculated
455,Brief Encounter,1945,86,8.0,92.0,52480,Not calculated
456,Laura,1944,86,8.0,None Given,52480,4.36
457,The Best Years of Our Lives,1946,86,8.0,93.0,52480,23.65
458,Arsenic and Old Lace,1942,86,8.0,None Given,52480,Not calculated
459,The Maltese Falcon,1941,86,8.0,96.0,52480,2.11
460,The Grapes of Wrath,1940,86,8.0,96.0,52480,0.06
461,The Wizard of Oz,1939,86,8.0,92.0,52480,2.08
462,The Rules of the Game,1939,86,8.0,None Given,52480,Not calculated
463,The Thin Man,1934,86,8.0,86.0,52480,Not calculated
464,All Quiet on the Western Front,1930,86,8.0,91.0,52480,3.27
465,Battleship Potemkin,1925,86,8.0,97.0,52480,0.05
466,Knives Out,2019,86,7.9,82.0,52480,165.36
467,Shoplifters,2018,86,7.9,93.0,52480,3.31
468,Marriage Story,2019,86,7.9,94.0,52480,2.0
469,Call Me by Your Name,2017,86,7.9,93.0,52480,18.1
470,"I, Daniel Blake",2016,86,7.9,78.0,52480,0.26
471,Isle of Dogs,2018,86,7.9,82.0,52480,32.02
472,Hunt for the Wilderpeople,2016,86,7.9,81.0,52480,5.2
473,Captain Fantastic,2016,86,7.9,72.0,52480,5.88
474,Sing Street,2016,86,7.9,79.0,52480,3.24
475,Thor: Ragnarok,2017,86,7.9,74.0,52480,315.06
476,Nightcrawler,2014,86,7.9,76.0,52480,32.38
477,Jojo Rabbit,2019,86,7.9,58.0,52480,0.35
478,Arrival,2016,86,7.9,81.0,52480,100.55
479,Star Wars: Episode VII - The Force Awakens,2015,86,7.9,80.0,52480,936.66
480,Before Midnight,2013,86,7.9,94.0,52480,8.11
481,X-Men: Days of Future Past,2014,86,7.9,75.0,52480,233.92
482,Once Upon a Time in Anatolia,2011,86,7.9,82.0,52480,0.14
483,The Artist,2011,86,7.9,89.0,52480,44.67
484,Edge of Tomorrow,2014,86,7.9,71.0,52480,100.21
485,Amour,2012,86,7.9,94.0,52480,6.74
486,The Irishman,2019,86,7.9,94.0,52480,7.0
487,A Prophet,2009,86,7.9,90.0,52480,2.08
488,Moon,2009,86,7.9,67.0,52480,5.01
489,Let the Right One In,2008,86,7.9,82.0,52480,2.12
490,District 9,2009,86,7.9,81.0,52480,115.65
491,The Wrestler,2008,86,7.9,80.0,52480,26.24
492,Jab We Met,2007,86,7.9,None Given,52480,0.41
493,Boyhood,2014,86,7.9,100.0,52480,25.38
494,"4 Months, 3 Weeks and 2 Days",2007,86,7.9,97.0,52480,1.19
495,Star Trek,2009,86,7.9,82.0,52480,257.73
496,In Bruges,2008,86,7.9,67.0,52480,7.76
497,The Man from Earth,2007,86,7.9,None Given,52480,Not calculated
498,Letters from Iwo Jima,2006,86,7.9,89.0,52480,13.76
499,The Fall,2006,86,7.9,64.0,52480,2.28
500,Life of Pi,2012,86,7.9,79.0,52480,124.99
501,Fantastic Mr. Fox,2009,86,7.9,83.0,52480,21.0
502,C.R.A.Z.Y.,2005,86,7.9,81.0,52480,Not calculated
503,The Chorus,2004,86,7.9,56.0,52480,3.64
504,Iron Man,2008,86,7.9,79.0,52480,318.41
505,Shaun of the Dead,2004,86,7.9,76.0,52480,13.54
506,Kal Ho Naa Ho,2003,86,7.9,54.0,52480,1.79
507,Head-On,2004,86,7.9,78.0,52480,Not calculated
508,Mystic River,2003,86,7.9,84.0,52480,90.14
509,Harry Potter and the Prisoner of Azkaban,2004,86,7.9,82.0,52480,249.36
510,Hero,2002,86,7.9,85.0,52480,53.71
511,Talk to Her,2002,86,7.9,86.0,52480,9.28
512,No Man's Land,2001,86,7.9,84.0,52480,1.06
513,Cowboy Bebop: The Movie,2001,86,7.9,61.0,52480,1.0
514,The Bourne Identity,2002,86,7.9,68.0,52480,121.66
515,Nine Queens,2000,86,7.9,80.0,52480,1.22
516,Children of Men,2006,86,7.9,84.0,52480,35.55
517,Almost Famous,2000,86,7.9,90.0,52480,32.53
518,Mulholland Drive,2001,86,7.9,85.0,52480,7.22
519,Toy Story 2,1999,86,7.9,88.0,52480,245.85
520,Boogie Nights,1997,86,7.9,85.0,52480,26.4
521,Whisper of the Heart,1995,86,7.9,75.0,52480,Not calculated
522,Once Were Warriors,1994,86,7.9,77.0,52480,2.2
523,True Romance,1993,86,7.9,59.0,52480,12.28
524,Three Colors: Blue,1993,86,7.9,85.0,52480,1.32
525,Ninja Scroll,1993,86,7.9,None Given,52480,Not calculated
526,Carlito's Way,1993,86,7.9,65.0,52480,36.95
527,Edward Scissorhands,1990,86,7.9,74.0,52480,56.36
528,My Left Foot,1989,86,7.9,97.0,52480,14.74
529,Crimes and Misdemeanors,1989,86,7.9,77.0,52480,18.25
530,The Untouchables,1987,86,7.9,79.0,52480,76.27
531,Hannah and Her Sisters,1986,86,7.9,90.0,52480,40.08
532,Brazil,1985,86,7.9,84.0,52480,9.93
533,This Is Spinal Tap,1984,86,7.9,92.0,52480,0.19
534,A Christmas Story,1983,86,7.9,77.0,52480,20.61
535,The Blues Brothers,1980,86,7.9,60.0,52480,57.23
536,Manhattan,1979,86,7.9,83.0,52480,45.7
537,All That Jazz,1979,86,7.9,72.0,52480,37.82
538,Dawn of the Dead,1978,86,7.9,71.0,52480,5.1
539,All the President's Men,1976,86,7.9,84.0,52480,70.6
540,The Holy Mountain,1973,86,7.9,76.0,52480,0.06
541,Amarcord,1973,86,7.9,None Given,52480,0.29
542,The Discreet Charm of the Bourgeoisie,1972,86,7.9,93.0,52480,0.2
543,"Aguirre, the Wrath of God",1972,86,7.9,None Given,52480,Not calculated
544,Harold and Maude,1971,86,7.9,62.0,52480,Not calculated
545,Patton,1970,86,7.9,91.0,52480,61.7
546,The Wild Bunch,1969,86,7.9,97.0,52480,12.06
547,Night of the Living Dead,1968,86,7.9,89.0,52480,0.09
548,The Lion in Winter,1968,86,7.9,None Given,52480,22.28
549,In the Heat of the Night,1967,86,7.9,75.0,52480,24.38
550,Charade,1963,86,7.9,83.0,52480,13.47
551,The Manchurian Candidate,1962,86,7.9,94.0,52480,Not calculated
552,Spartacus,1960,86,7.9,87.0,52480,30.0
553,L'Avventura,1960,86,7.9,None Given,52480,Not calculated
554,Hiroshima Mon Amour,1959,86,7.9,None Given,52480,0.09
555,The Ten Commandments,1956,86,7.9,None Given,52480,93.74
556,The Searchers,1956,86,7.9,94.0,52480,Not calculated
557,East of Eden,1955,86,7.9,72.0,52480,Not calculated
558,High Noon,1952,86,7.9,89.0,52480,9.45
559,Strangers on a Train,1951,86,7.9,88.0,52480,7.63
560,Harvey,1950,86,7.9,None Given,52480,Not calculated
561,Miracle on 34th Street,1947,86,7.9,88.0,52480,2.65
562,Notorious,1946,86,7.9,100.0,52480,10.46
563,The Big Sleep,1946,86,7.9,None Given,52480,6.54
564,The Lost Weekend,1945,86,7.9,None Given,52480,9.46
565,The Philadelphia Story,1940,86,7.9,96.0,52480,Not calculated
566,His Girl Friday,1940,86,7.9,None Given,52480,0.3
567,The Adventures of Robin Hood,1938,86,7.9,97.0,52480,3.98
568,A Night at the Opera,1935,86,7.9,None Given,52480,2.54
569,King Kong,1933,86,7.9,90.0,52480,10.0
570,Freaks,1932,86,7.9,80.0,52480,Not calculated
571,Nosferatu,1922,86,7.9,None Given,52480,Not calculated
572,The Gentlemen,2019,86,7.8,51.0,52480,Not calculated
573,Raazi,2018,86,7.8,None Given,52480,Not calculated
574,Sound of Metal,2019,86,7.8,82.0,52480,Not calculated
575,The Salesman,2016,86,7.8,85.0,52480,2.4
576,Dunkirk,2017,86,7.8,94.0,52480,188.37
577,Perfect Strangers,2016,86,7.8,None Given,52480,Not calculated
578,Hidden Figures,2016,86,7.8,74.0,52480,169.61
579,Paddington 2,2017,86,7.8,88.0,52480,40.44
580,Udta Punjab,2016,86,7.8,None Given,52480,Not calculated
581,Kubo and the Two Strings,2016,86,7.8,84.0,52480,48.02
582,M.S. Dhoni: The Untold Story,2016,86,7.8,None Given,52480,1.78
583,Manchester by the Sea,2016,86,7.8,96.0,52480,47.7
584,Land of Mine,2015,86,7.8,75.0,52480,0.44
585,Rogue One: A Star Wars Story,2016,86,7.8,65.0,52480,532.18
586,Captain America: Civil War,2016,86,7.8,75.0,52480,408.08
587,The Hateful Eight,2015,86,7.8,68.0,52480,54.12
588,Little Women,2019,86,7.8,91.0,52480,108.1
589,Loving Vincent,2017,86,7.8,62.0,52480,6.74
590,Pride,2014,86,7.8,79.0,52480,Not calculated
591,The Past,2013,86,7.8,85.0,52480,1.33
592,The Great Beauty,2013,86,7.8,86.0,52480,2.85
593,The Lunchbox,2013,86,7.8,76.0,52480,4.23
594,Vicky Donor,2012,86,7.8,None Given,52480,0.17
595,Big Hero 6,2014,86,7.8,74.0,52480,222.53
596,About Time,2013,86,7.8,55.0,52480,15.32
597,English Vinglish,2012,86,7.8,None Given,52480,1.67
598,The Wind Rises,2013,86,7.8,83.0,52480,5.21
599,Toy Story 4,2019,86,7.8,84.0,52480,434.04
600,The Best Offer,2013,86,7.8,49.0,52480,0.09
601,Moonrise Kingdom,2012,86,7.8,84.0,52480,45.51
602,How to Train Your Dragon 2,2014,86,7.8,76.0,52480,177.0
603,The Big Short,2015,86,7.8,81.0,52480,70.26
604,Confessions,2010,86,7.8,None Given,52480,Not calculated
605,I Saw the Devil,2010,86,7.8,67.0,52480,0.13
606,The Girl with the Dragon Tattoo,2011,86,7.8,71.0,52480,102.52
607,Captain Phillips,2013,86,7.8,82.0,52480,107.1
608,The Man from Nowhere,2010,86,7.8,None Given,52480,0.01
609,Straight Outta Compton,2015,86,7.8,72.0,52480,161.2
610,Mother,2009,86,7.8,79.0,52480,0.55
611,The Chaser,2008,86,7.8,64.0,52480,Not calculated
612,The Hobbit: The Desolation of Smaug,2013,86,7.8,66.0,52480,258.37
613,The White Ribbon,2009,86,7.8,82.0,52480,2.22
614,The Girl with the Dragon Tattoo,2009,86,7.8,76.0,52480,10.1
615,Skyfall,2012,86,7.8,81.0,52480,304.36
616,The Trial of the Chicago 7,2020,86,7.8,77.0,52480,Not calculated
617,Another Round,2020,86,7.8,80.0,52480,Not calculated
618,The Fighter,2010,86,7.8,79.0,52480,93.62
619,Taken,2008,86,7.8,51.0,52480,145.0
620,The Boy in the Striped Pajamas,2008,86,7.8,55.0,52480,9.03
621,Once,2007,86,7.8,88.0,52480,9.44
622,The Hobbit: An Unexpected Journey,2012,86,7.8,58.0,52480,303.0
623,The Edge of Heaven,2007,86,7.8,85.0,52480,0.74
624,Atonement,2007,86,7.8,85.0,52480,50.93
625,Drive,2011,86,7.8,78.0,52480,35.06
626,American Gangster,2007,86,7.8,76.0,52480,130.16
627,Avatar,2009,86,7.8,83.0,52480,760.51
628,Mr. Nobody,2009,86,7.8,63.0,52480,0.0
629,Apocalypto,2006,86,7.8,68.0,52480,50.87
630,Little Miss Sunshine,2006,86,7.8,80.0,52480,59.89
631,Hot Fuzz,2007,86,7.8,81.0,52480,23.64
632,The Curious Case of Benjamin Button,2008,86,7.8,70.0,52480,127.51
633,Veer-Zaara,2004,86,7.8,67.0,52480,2.92
634,Adam's Apples,2005,86,7.8,51.0,52480,0.0
635,Pride & Prejudice,2005,86,7.8,82.0,52480,38.41
636,The World's Fastest Indian,2005,86,7.8,68.0,52480,5.13
637,Tokyo Godfathers,2003,86,7.8,73.0,52480,0.13
638,Serenity,2005,86,7.8,74.0,52480,25.51
639,Walk the Line,2005,86,7.8,72.0,52480,119.52
640,Evil,2003,86,7.8,61.0,52480,0.02
641,The Notebook,2004,86,7.8,53.0,52480,81.0
642,The Motorcycle Diaries,2004,86,7.8,75.0,52480,16.76
643,Lilya 4-Ever,2002,86,7.8,82.0,52480,0.18
644,The Triplets of Belleville,2003,86,7.8,91.0,52480,7.0
645,Joint Security Area,2000,86,7.8,58.0,52480,Not calculated
646,The Count of Monte Cristo,2002,86,7.8,61.0,52480,54.23
647,Waking Life,2001,86,7.8,83.0,52480,2.89
648,Remember the Titans,2000,86,7.8,48.0,52480,115.65
649,"Crouching Tiger, Hidden Dragon",2000,86,7.8,94.0,52480,128.08
650,All About My Mother,1999,86,7.8,87.0,52480,8.26
651,Cast Away,2000,86,7.8,73.0,52480,233.63
652,The Boondock Saints,1999,86,7.8,44.0,52480,0.03
653,The Insider,1999,86,7.8,84.0,52480,28.97
654,October Sky,1999,86,7.8,71.0,52480,32.48
655,Shrek,2001,86,7.8,84.0,52480,267.67
656,Titanic,1997,86,7.8,75.0,52480,659.33
657,Fireworks,1997,86,7.8,None Given,52480,0.23
658,Gattaca,1997,86,7.8,64.0,52480,12.34
659,The Game,1997,86,7.8,61.0,52480,48.32
660,Breaking the Waves,1996,86,7.8,76.0,52480,4.04
661,Ed Wood,1994,86,7.8,70.0,52480,5.89
662,What's Eating Gilbert Grape,1993,86,7.8,73.0,52480,9.17
663,Tombstone,1993,86,7.8,50.0,52480,56.51
664,The Sandlot,1993,86,7.8,55.0,52480,32.42
665,The Remains of the Day,1993,86,7.8,86.0,52480,22.95
666,Naked,1993,86,7.8,84.0,52480,1.77
667,The Fugitive,1993,86,7.8,87.0,52480,183.88
668,A Bronx Tale,1993,86,7.8,80.0,52480,17.27
669,Batman: Mask of the Phantasm,1993,86,7.8,None Given,52480,5.62
670,Hard Boiled,1992,86,7.8,None Given,52480,Not calculated
671,Night on Earth,1991,86,7.8,68.0,52480,2.02
672,The Double Life of Véronique,1991,86,7.8,86.0,52480,2.0
673,Boyz n the Hood,1991,86,7.8,76.0,52480,57.5
674,Misery,1990,86,7.8,75.0,52480,61.28
675,Awakenings,1990,86,7.8,74.0,52480,52.1
676,Kiki's Delivery Service,1989,86,7.8,83.0,52480,Not calculated
677,Glory,1989,86,7.8,78.0,52480,26.83
678,The Killer,1989,86,7.8,82.0,52480,Not calculated
679,Back to the Future Part II,1989,86,7.8,57.0,52480,118.5
680,Mississippi Burning,1988,86,7.8,65.0,52480,34.6
681,Predator,1987,86,7.8,45.0,52480,59.74
682,Evil Dead II,1987,86,7.8,72.0,52480,5.92
683,Ferris Bueller's Day Off,1986,86,7.8,61.0,52480,70.14
684,Down by Law,1986,86,7.8,75.0,52480,1.44
685,The Goonies,1985,86,7.8,62.0,52480,61.5
686,The Color Purple,1985,86,7.8,78.0,52480,98.47
687,The Breakfast Club,1985,86,7.8,66.0,52480,45.88
688,The Killing Fields,1984,86,7.8,76.0,52480,34.7
689,Ghostbusters,1984,86,7.8,71.0,52480,238.63
690,The Right Stuff,1983,86,7.8,91.0,52480,21.5
691,The King of Comedy,1982,86,7.8,73.0,52480,2.5
692,E.T. the Extra-Terrestrial,1982,86,7.8,91.0,52480,435.11
693,Kramer vs. Kramer,1979,86,7.8,77.0,52480,106.26
694,Days of Heaven,1978,86,7.8,93.0,52480,Not calculated
695,The Outlaw Josey Wales,1976,86,7.8,69.0,52480,31.8
696,The Man Who Would Be King,1975,86,7.8,91.0,52480,Not calculated
697,The Conversation,1974,86,7.8,85.0,52480,4.42
698,Fantastic Planet,1973,86,7.8,73.0,52480,0.19
699,The Day of the Jackal,1973,86,7.8,80.0,52480,16.06
700,Badlands,1973,86,7.8,93.0,52480,Not calculated
701,Cabaret,1972,86,7.8,80.0,52480,42.77
702,Willy Wonka & the Chocolate Factory,1971,86,7.8,67.0,52480,4.0
703,Midnight Cowboy,1969,86,7.8,79.0,52480,44.79
704,Wait Until Dark,1967,86,7.8,81.0,52480,17.55
705,Guess Who's Coming to Dinner,1967,86,7.8,63.0,52480,56.7
706,Bonnie and Clyde,1967,86,7.8,86.0,52480,Not calculated
707,My Fair Lady,1964,86,7.8,95.0,52480,72.0
708,Mary Poppins,1964,86,7.8,88.0,52480,102.27
709,The Longest Day,1962,86,7.8,75.0,52480,39.1
710,Jules and Jim,1962,86,7.8,97.0,52480,Not calculated
711,The Innocents,1961,86,7.8,88.0,52480,2.62
712,Breathless,1960,86,7.8,None Given,52480,0.34
713,Red River,1948,86,7.8,None Given,52480,Not calculated
714,Key Largo,1948,86,7.8,None Given,52480,Not calculated
715,To Have and Have Not,1944,86,7.8,None Given,52480,Not calculated
716,Shadow of a Doubt,1943,86,7.8,94.0,52480,Not calculated
717,Stagecoach,1939,86,7.8,93.0,52480,Not calculated
718,The Lady Vanishes,1938,86,7.8,98.0,52480,Not calculated
719,Bringing Up Baby,1938,86,7.8,91.0,52480,Not calculated
720,The Bride of Frankenstein,1935,86,7.8,95.0,52480,4.36
721,Duck Soup,1933,86,7.8,93.0,52480,Not calculated
722,Scarface,1932,86,7.8,87.0,52480,Not calculated
723,Frankenstein,1931,86,7.8,91.0,52480,Not calculated
724,Roma,2018,86,7.7,96.0,52480,Not calculated
725,God's Own Country,2017,86,7.7,85.0,52480,0.34
726,Deadpool 2,2018,86,7.7,66.0,52480,324.59
727,Wind River,2017,86,7.7,73.0,52480,33.8
728,Get Out,2017,86,7.7,85.0,52480,176.04
729,Mission: Impossible - Fallout,2018,86,7.7,86.0,52480,220.16
730,A Man Called Ove,2015,86,7.7,70.0,52480,3.36
731,What We Do in the Shadows,2014,86,7.7,76.0,52480,3.33
732,When Marnie Was There,2014,86,7.7,72.0,52480,0.77
733,The Theory of Everything,2014,86,7.7,72.0,52480,35.89
734,Kingsman: The Secret Service,2014,86,7.7,60.0,52480,128.26
735,The Fault in Our Stars,2014,86,7.7,69.0,52480,124.87
736,Me and Earl and the Dying Girl,2015,86,7.7,74.0,52480,6.74
737,Birdman or (The Unexpected Virtue of Ignorance),2014,86,7.7,87.0,52480,42.34
738,Blue Is the Warmest Colour,2013,86,7.7,89.0,52480,2.2
739,Kai Po Che,2013,86,7.7,40.0,52480,1.12
740,The Broken Circle Breakdown,2012,86,7.7,70.0,52480,0.18
741,Captain America: The Winter Soldier,2014,86,7.7,70.0,52480,259.77
742,Rockstar,2011,86,7.7,None Given,52480,0.99
743,Nebraska,2013,86,7.7,87.0,52480,17.65
744,Wreck-It Ralph,2012,86,7.7,72.0,52480,189.42
745,The Little Prince,2015,86,7.7,70.0,52480,1.34
746,Detachment,2011,86,7.7,52.0,52480,0.07
747,Midnight in Paris,2011,86,7.7,81.0,52480,56.82
748,The Lego Movie,2014,86,7.7,83.0,52480,257.76
749,Gravity,2013,86,7.7,96.0,52480,274.09
750,Star Trek Into Darkness,2013,86,7.7,72.0,52480,228.78
751,Beasts of No Nation,2015,86,7.7,79.0,52480,0.08
752,The Social Network,2010,86,7.7,95.0,52480,96.96
753,X-Men: First Class,2011,86,7.7,65.0,52480,146.41
754,The Hangover,2009,86,7.7,73.0,52480,277.32
755,Silver Linings Playbook,2012,86,7.7,81.0,52480,132.09
756,Argo,2012,86,7.7,86.0,52480,136.03
757,500 Days of Summer,2009,86,7.7,76.0,52480,32.39
758,Harry Potter and the Deathly Hallows: Part 1,2010,86,7.7,65.0,52480,295.98
759,Ponyo,2008,86,7.7,86.0,52480,15.09
760,Frost/Nixon,2008,86,7.7,80.0,52480,18.59
761,Paprika,2006,86,7.7,81.0,52480,0.88
762,Changeling,2008,86,7.7,63.0,52480,35.74
763,Flipped,2010,86,7.7,45.0,52480,1.75
764,The Girl Who Leapt Through Time,2006,86,7.7,None Given,52480,Not calculated
765,Death Note,2006,86,7.7,None Given,52480,Not calculated
766,This Is England,2006,86,7.7,86.0,52480,0.33
767,Ex Machina,2014,86,7.7,78.0,52480,25.44
768,After the Wedding,2006,86,7.7,78.0,52480,0.41
769,The Last King of Scotland,2006,86,7.7,74.0,52480,17.61
770,Zodiac,2007,86,7.7,78.0,52480,33.08
771,Lucky Number Slevin,2006,86,7.7,53.0,52480,22.49
772,Joyeux Noel,2005,86,7.7,70.0,52480,1.05
773,Control,2007,86,7.7,78.0,52480,0.87
774,Tangled,2010,86,7.7,71.0,52480,200.82
775,Black Book,2006,86,7.7,71.0,52480,4.4
776,Brokeback Mountain,2005,86,7.7,87.0,52480,83.04
777,3:10 to Yuma,2007,86,7.7,76.0,52480,53.61
778,Crash,2004,86,7.7,66.0,52480,54.58
779,Kung Fu Hustle,2004,86,7.7,78.0,52480,17.11
780,The Bourne Supremacy,2004,86,7.7,73.0,52480,176.24
781,The Machinist,2004,86,7.7,61.0,52480,1.08
782,Ray,2004,86,7.7,73.0,52480,75.33
783,Lost in Translation,2003,86,7.7,89.0,52480,44.59
784,Harry Potter and the Goblet of Fire,2005,86,7.7,81.0,52480,290.01
785,Man on Fire,2004,86,7.7,47.0,52480,77.91
786,Coraline,2009,86,7.7,80.0,52480,75.29
787,The Last Samurai,2003,86,7.7,55.0,52480,111.11
788,The Magdalene Sisters,2002,86,7.7,83.0,52480,4.89
789,Good Bye Lenin!,2003,86,7.7,68.0,52480,4.06
790,In America,2002,86,7.7,76.0,52480,15.54
791,I Am Sam,2001,86,7.7,28.0,52480,40.31
792,Adaptation.,2002,86,7.7,83.0,52480,22.25
793,Black Hawk Down,2001,86,7.7,74.0,52480,108.64
794,Road to Perdition,2002,86,7.7,72.0,52480,104.45
795,The Experiment,2001,86,7.7,60.0,52480,0.14
796,Billy Elliot,2000,86,7.7,74.0,52480,22.0
797,Hedwig and the Angry Inch,2001,86,7.7,85.0,52480,3.03
798,Ocean's Eleven,2001,86,7.7,74.0,52480,183.42
799,Vampire Hunter D: Bloodlust,2000,86,7.7,62.0,52480,0.15
800,"O Brother, Where Art Thou?",2000,86,7.7,69.0,52480,45.51
801,Interstate 60: Episodes of the Road,2002,86,7.7,None Given,52480,Not calculated
802,"South Park: Bigger, Longer & Uncut",1999,86,7.7,73.0,52480,52.04
803,Office Space,1999,86,7.7,68.0,52480,10.82
804,Happiness,1998,86,7.7,81.0,52480,2.81
805,Training Day,2001,86,7.7,69.0,52480,76.63
806,Rushmore,1998,86,7.7,86.0,52480,17.11
807,Open Your Eyes,1997,86,7.7,None Given,52480,0.37
808,Being John Malkovich,1999,86,7.7,90.0,52480,22.86
809,As Good as It Gets,1997,86,7.7,67.0,52480,148.48
810,The Fifth Element,1997,86,7.7,52.0,52480,63.54
811,Le Dîner de Cons,1998,86,7.7,73.0,52480,4.07
812,Donnie Brasco,1997,86,7.7,76.0,52480,41.91
813,Shine,1996,86,7.7,87.0,52480,35.81
814,Primal Fear,1996,86,7.7,47.0,52480,56.12
815,Hamlet,1996,86,7.7,None Given,52480,4.41
816,A Little Princess,1995,86,7.7,83.0,52480,10.02
817,Fallen Angels,1995,86,7.7,71.0,52480,Not calculated
818,Il Postino,1994,86,7.7,81.0,52480,21.85
819,Clerks,1994,86,7.7,70.0,52480,3.15
820,Short Cuts,1993,86,7.7,79.0,52480,6.11
821,Philadelphia,1993,86,7.7,66.0,52480,77.32
822,The Muppet Christmas Carol,1992,86,7.7,64.0,52480,27.28
823,Malcolm X,1992,86,7.7,73.0,52480,48.17
824,The Last of the Mohicans,1992,86,7.7,76.0,52480,75.51
825,Porco Rosso,1992,86,7.7,83.0,52480,Not calculated
826,Glengarry Glen Ross,1992,86,7.7,82.0,52480,10.73
827,A Few Good Men,1992,86,7.7,62.0,52480,141.34
828,Fried Green Tomatoes,1991,86,7.7,64.0,52480,82.42
829,Barton Fink,1991,86,7.7,69.0,52480,6.15
830,Miller's Crossing,1990,86,7.7,66.0,52480,5.08
831,Who Framed Roger Rabbit,1988,86,7.7,83.0,52480,156.45
832,The Vanishing,1988,86,7.7,None Given,52480,Not calculated
833,Withnail & I,1987,86,7.7,84.0,52480,1.54
834,The Last Emperor,1987,86,7.7,76.0,52480,43.98
835,Empire of the Sun,1987,86,7.7,62.0,52480,22.24
836,The Name of the Rose,1986,86,7.7,54.0,52480,7.15
837,Blue Velvet,1986,86,7.7,76.0,52480,8.55
838,The Purple Rose of Cairo,1985,86,7.7,75.0,52480,10.63
839,After Hours,1985,86,7.7,90.0,52480,10.6
840,Zelig,1983,86,7.7,None Given,52480,11.8
841,The Verdict,1982,86,7.7,77.0,52480,54.0
842,Star Trek II: The Wrath of Khan,1982,86,7.7,67.0,52480,78.91
843,First Blood,1982,86,7.7,61.0,52480,47.21
844,Ordinary People,1980,86,7.7,86.0,52480,54.8
845,Airplane!,1980,86,7.7,78.0,52480,83.4
846,Lupin the 3rd: Castle of Cagliostro,1979,86,7.7,71.0,52480,Not calculated
847,Halloween,1978,86,7.7,87.0,52480,47.0
848,The Tenant,1976,86,7.7,71.0,52480,1.92
849,Love and Death,1975,86,7.7,89.0,52480,Not calculated
850,The Taking of Pelham One Two Three,1974,86,7.7,68.0,52480,0.85
851,Blazing Saddles,1974,86,7.7,73.0,52480,119.5
852,Serpico,1973,86,7.7,87.0,52480,29.8
853,Enter the Dragon,1973,86,7.7,83.0,52480,25.0
854,Deliverance,1972,86,7.7,80.0,52480,7.06
855,The French Connection,1971,86,7.7,94.0,52480,15.63
856,Dirty Harry,1971,86,7.7,90.0,52480,35.9
857,Where Eagles Dare,1968,86,7.7,63.0,52480,Not calculated
858,The Odd Couple,1968,86,7.7,86.0,52480,44.53
859,The Dirty Dozen,1967,86,7.7,73.0,52480,45.3
860,Belle de Jour,1967,86,7.7,None Given,52480,0.03
861,A Man for All Seasons,1966,86,7.7,72.0,52480,28.35
862,Repulsion,1965,86,7.7,91.0,52480,Not calculated
863,Zulu,1964,86,7.7,77.0,52480,Not calculated
864,Goldfinger,1964,86,7.7,87.0,52480,51.08
865,The Birds,1963,86,7.7,90.0,52480,11.4
866,Cape Fear,1962,86,7.7,76.0,52480,Not calculated
867,Peeping Tom,1960,86,7.7,None Given,52480,0.08
868,The Magnificent Seven,1960,86,7.7,74.0,52480,4.91
869,Eyes Without a Face,1960,86,7.7,90.0,52480,0.05
870,Invasion of the Body Snatchers,1956,86,7.7,92.0,52480,Not calculated
871,Rebel Without a Cause,1955,86,7.7,89.0,52480,Not calculated
872,The Ladykillers,1955,86,7.7,91.0,52480,Not calculated
873,Sabrina,1954,86,7.7,72.0,52480,Not calculated
874,The Quiet Man,1952,86,7.7,None Given,52480,10.55
875,The Day the Earth Stood Still,1951,86,7.7,None Given,52480,Not calculated
876,The African Queen,1951,86,7.7,91.0,52480,0.54
877,Gilda,1946,86,7.7,None Given,52480,Not calculated
878,Fantasia,1940,86,7.7,96.0,52480,76.41
879,The Invisible Man,1933,86,7.7,87.0,52480,Not calculated
880,Judas and the Black Messiah,2021,86,7.6,85.0,52480,Not calculated
881,Dark Waters,2019,86,7.6,73.0,52480,Not calculated
882,Searching,2018,86,7.6,71.0,52480,26.02
883,Once Upon a Time... In Hollywood,2019,86,7.6,83.0,52480,142.5
884,Loveless,2017,86,7.6,86.0,52480,0.57
885,The Florida Project,2017,86,7.6,92.0,52480,5.9
886,Just Mercy,2019,86,7.6,68.0,52480,Not calculated
887,Gifted,2017,86,7.6,60.0,52480,24.8
888,The Peanut Butter Falcon,2019,86,7.6,70.0,52480,13.12
889,Victoria,2015,86,7.6,77.0,52480,Not calculated
890,Mustang,2015,86,7.6,83.0,52480,0.85
891,Guardians of the Galaxy Vol. 2,2017,86,7.6,67.0,52480,389.81
892,Baby Driver,2017,86,7.6,86.0,52480,107.83
893,Only the Brave,2017,86,7.6,72.0,52480,18.34
894,Bridge of Spies,2015,86,7.6,81.0,52480,72.31
895,Incredibles 2,2018,86,7.6,80.0,52480,608.58
896,Moana,2016,86,7.6,81.0,52480,248.76
897,Sicario,2015,86,7.6,82.0,52480,46.89
898,Creed,2015,86,7.6,82.0,52480,109.77
899,Leviathan,2014,86,7.6,92.0,52480,1.09
900,Hell or High Water,2016,86,7.6,88.0,52480,26.86
901,Philomena,2013,86,7.6,77.0,52480,37.71
902,Dawn of the Planet of the Apes,2014,86,7.6,79.0,52480,208.55
903,The Body,2012,86,7.6,None Given,52480,Not calculated
904,The Raid: Redemption,2011,86,7.6,73.0,52480,4.11
905,End of Watch,2012,86,7.6,68.0,52480,41.0
906,The Secret World of Arrietty,2010,86,7.6,80.0,52480,19.2
907,A Star Is Born,2018,86,7.6,88.0,52480,215.29
908,True Grit,2010,86,7.6,80.0,52480,171.24
909,In a Better World,2010,86,7.6,65.0,52480,1.01
910,Despicable Me,2010,86,7.6,72.0,52480,251.51
911,50/50,2011,86,7.6,72.0,52480,35.01
912,Kick-Ass,2010,86,7.6,66.0,52480,48.07
913,Celda 211,2009,86,7.6,None Given,52480,Not calculated
914,Moneyball,2011,86,7.6,87.0,52480,75.61
915,The Skin I Live In,2011,86,7.6,70.0,52480,3.19
916,Zombieland,2009,86,7.6,73.0,52480,75.59
917,The Wave,2008,86,7.6,None Given,52480,Not calculated
918,Sherlock Holmes,2009,86,7.6,57.0,52480,209.03
919,The Blind Side,2009,86,7.6,53.0,52480,255.96
920,Seven Pounds,2008,86,7.6,36.0,52480,69.95
921,Eastern Promises,2007,86,7.6,82.0,52480,17.11
922,Stardust,2007,86,7.6,66.0,52480,38.63
923,The Secret of Kells,2009,86,7.6,81.0,52480,0.69
924,Inside Man,2006,86,7.6,76.0,52480,88.51
925,Gone Baby Gone,2007,86,7.6,72.0,52480,20.3
926,La Vie En Rose,2007,86,7.6,66.0,52480,10.3
927,Fearless,2006,86,7.6,70.0,52480,24.63
928,The Illusionist,2006,86,7.6,68.0,52480,39.87
929,Dead Man's Shoes,2004,86,7.6,52.0,52480,0.01
930,Harry Potter and the Half-Blood Prince,2009,86,7.6,78.0,52480,301.96
931,300,2006,86,7.6,52.0,52480,210.61
932,Match Point,2005,86,7.6,72.0,52480,23.09
933,Watchmen,2009,86,7.6,56.0,52480,107.51
934,Lord of War,2005,86,7.6,62.0,52480,24.15
935,Saw,2004,86,7.6,46.0,52480,56.0
936,"Synecdoche, New York",2008,86,7.6,67.0,52480,3.08
937,Mysterious Skin,2004,86,7.6,73.0,52480,0.7
938,Love Me If You Dare,2003,86,7.6,45.0,52480,0.55
939,A Very Long Engagement,2004,86,7.6,76.0,52480,6.17
940,The Station Agent,2003,86,7.6,81.0,52480,5.74
941,21 Grams,2003,86,7.6,70.0,52480,16.29
942,Sympathy for Mr. Vengeance,2002,86,7.6,56.0,52480,0.05
943,Finding Neverland,2004,86,7.6,67.0,52480,51.68
944,25th Hour,2002,86,7.6,68.0,52480,13.06
945,The Butterfly Effect,2004,86,7.6,30.0,52480,57.94
946,28 Days Later...,2002,86,7.6,73.0,52480,45.06
947,Battle Royale,2000,86,7.6,81.0,52480,Not calculated
948,The Royal Tenenbaums,2001,86,7.6,76.0,52480,52.36
949,Y Tu Mamá También,2001,86,7.6,88.0,52480,13.62
950,Harry Potter and the Sorcerer's Stone,2001,86,7.6,64.0,52480,317.58
951,The Others,2001,86,7.6,74.0,52480,96.52
952,Blow,2001,86,7.6,52.0,52480,52.99
953,Enemy at the Gates,2001,86,7.6,53.0,52480,51.4
954,Minority Report,2002,86,7.6,80.0,52480,132.07
955,American Psycho,2000,86,7.6,64.0,52480,15.07
956,Run Lola Run,1998,86,7.6,77.0,52480,7.27
957,The Thin Red Line,1998,86,7.6,78.0,52480,36.4
958,Mulan,1998,86,7.6,71.0,52480,120.62
959,Fear and Loathing in Las Vegas,1998,86,7.6,41.0,52480,10.68
960,Funny Games,1997,86,7.6,69.0,52480,Not calculated
961,Dark City,1998,86,7.6,66.0,52480,14.38
962,Sleepers,1996,86,7.6,49.0,52480,49.1
963,Lost Highway,1997,86,7.6,52.0,52480,3.8
964,Sense and Sensibility,1995,86,7.6,84.0,52480,43.18
965,Die Hard with a Vengeance,1995,86,7.6,58.0,52480,100.01
966,Dead Man,1995,86,7.6,62.0,52480,1.04
967,The Bridges of Madison County,1995,86,7.6,69.0,52480,71.52
968,Apollo 13,1995,86,7.6,77.0,52480,173.84
969,Three Colors: White,1994,86,7.6,88.0,52480,1.46
970,Falling Down,1993,86,7.6,56.0,52480,40.9
971,Dazed and Confused,1993,86,7.6,78.0,52480,7.99
972,My Cousin Vinny,1992,86,7.6,68.0,52480,52.93
973,Only Yesterday,1991,86,7.6,90.0,52480,0.45
974,Delicatessen,1991,86,7.6,66.0,52480,1.79
975,Home Alone,1990,86,7.6,63.0,52480,285.76
976,The Godfather: Part III,1990,86,7.6,60.0,52480,66.67
977,When Harry Met Sally...,1989,86,7.6,76.0,52480,92.82
978,The Little Mermaid,1989,86,7.6,88.0,52480,111.54
979,The Naked Gun: From the Files of Police Squad!,1988,86,7.6,76.0,52480,78.76
980,"Planes, Trains & Automobiles",1987,86,7.6,72.0,52480,49.53
981,Lethal Weapon,1987,86,7.6,68.0,52480,65.21
982,Blood Simple,1984,86,7.6,83.0,52480,2.15
983,On Golden Pond,1981,86,7.6,68.0,52480,119.29
984,The Road Warrior,1981,86,7.6,77.0,52480,12.47
985,The Warriors,1979,86,7.6,65.0,52480,22.49
986,The Muppet Movie,1979,86,7.6,74.0,52480,76.66
987,Escape from Alcatraz,1979,86,7.6,76.0,52480,43.0
988,Watership Down,1978,86,7.6,64.0,52480,Not calculated
989,Close Encounters of the Third Kind,1977,86,7.6,90.0,52480,132.09
990,The Long Goodbye,1973,86,7.6,87.0,52480,0.96
991,Duck You Sucker,1971,86,7.6,77.0,52480,0.7
992,Kelly's Heroes,1970,86,7.6,50.0,52480,1.38
993,The Jungle Book,1967,86,7.6,65.0,52480,141.84
994,A Hard Day's Night,1964,86,7.6,96.0,52480,13.78
995,Breakfast at Tiffany's,1961,86,7.6,76.0,52480,Not calculated
996,Giant,1956,86,7.6,84.0,52480,Not calculated
997,From Here to Eternity,1953,86,7.6,85.0,52480,30.5
998,Lifeboat,1944,86,7.6,78.0,52480,Not calculated
999,The 39 Steps,1935,86,7.6,93.0,52480,Not calculated
